,before_days,average_count
0,0,0.0
1,1,0.0
2,2,617.6227272727273
3,3,165.61363636363637
