,before_days,average_count
0,0,0.0
1,7,24.931974921630093
2,8,84.76939655172414
