,before_days,average_count
0,0,0.0
1,1,924.4728070175438
2,2,1072.0500000000002
3,3,260.51666666666665
4,5,91.69999999999999
5,6,168.11666666666667
