,before_days,average_count
0,0,88.85625
1,2,62.60625
2,3,252.0
3,4,88.85624999999999
4,6,63.34453125
5,7,183.88125000000002
6,8,172.46250000000003
7,9,56.04375
