,before_days,average_count
0,0,9.724137931034482
1,7,2.2758620689655173
2,8,0.10344827586206896
