,before_days,average_count
0,0,3.6363636363636362
1,1,1.0
2,2,1.9090909090909092
3,3,0.36363636363636365
