,before_days,average_count
0,0,9.555555555555555
1,1,7.055555555555555
2,2,6.611111111111111
3,3,1.3333333333333333
4,5,0.1111111111111111
5,6,0.05555555555555555
